date,open,high,low,close,volume
2020-09-17 04:00:00,2.953,3.036,2.935,3.0,7224.2653
2020-09-17 04:05:00,3.0,3.025,2.885,2.901,17467.3266
2020-09-17 04:10:00,2.901,3.078,2.901,3.078,8413.8889
2020-09-17 04:15:00,3.078,3.095,3.023,3.08,3200.9342
2020-09-17 04:20:00,3.08,3.277,3.063,3.277,5568.4977
2020-09-17 04:25:00,3.277,3.277,3.104,3.104,6428.3416
2020-09-17 04:30:00,3.104,3.141,3.1,3.14,14527.7511
2020-09-17 04:35:00,3.14,3.144,3.037,3.08,21916.6663
2020-09-17 04:40:00,3.068,3.094,3.003,3.048,3672.8358
2020-09-17 04:45:00,3.048,3.06,2.9,2.937,11911.9436
2020-09-17 04:50:00,2.937,2.95,2.931,2.95,1976.768
2020-09-17 04:55:00,2.95,3.09,2.949,3.0,3602.6745
2020-09-17 05:00:00,3.0,3.11,2.967,3.074,4636.2329
2020-09-17 05:05:00,3.074,3.074,2.961,2.995,6793.5144
2020-09-17 05:10:00,2.995,2.995,2.9,2.9,8754.81
2020-09-17 05:15:00,2.9,2.933,2.883,2.905,780.7141
2020-09-17 05:20:00,2.905,2.944,2.905,2.929,3036.39
2020-09-17 05:25:00,2.929,2.939,2.863,2.863,7759.6133
2020-09-17 05:30:00,2.863,2.894,2.836,2.836,7181.2149
2020-09-17 05:35:00,2.836,2.916,2.836,2.896,4595.4751
2020-09-17 05:40:00,2.896,2.912,2.808,2.91,7635.4827
2020-09-17 05:45:00,2.91,2.977,2.865,2.877,2678.2366
2020-09-17 05:50:00,2.877,2.925,2.877,2.909,6143.643
2020-09-17 05:55:00,2.909,2.939,2.883,2.885,8226.2846
2020-09-17 06:00:00,2.885,2.886,2.82,2.82,3276.5276
2020-09-17 06:05:00,2.82,2.837,2.774,2.8,18926.1512
2020-09-17 06:10:00,2.799,2.8,2.71,2.759,23339.7871
2020-09-17 06:15:00,2.759,2.772,2.665,2.695,9423.1189
2020-09-17 06:20:00,2.695,2.695,2.513,2.513,44089.8556
2020-09-17 06:25:00,2.513,2.627,2.51,2.589,20427.5016
2020-09-17 06:30:00,2.589,2.628,2.512,2.581,8798.7659
2020-09-17 06:35:00,2.581,2.581,2.51,2.55,13262.8925
2020-09-17 06:40:00,2.55,2.654,2.55,2.588,5289.4896
2020-09-17 06:45:00,2.588,2.62,2.58,2.58,359.8972
2020-09-17 06:50:00,2.58,2.58,2.542,2.573,12856.9531
2020-09-17 06:55:00,2.573,2.606,2.573,2.605,2942.9585
2020-09-17 07:00:00,2.605,2.62,2.6,2.62,1708.6215
2020-09-17 07:05:00,2.62,2.62,2.57,2.579,4071.055
2020-09-17 07:10:00,2.579,2.587,2.573,2.587,713.43
2020-09-17 07:15:00,2.587,2.764,2.587,2.747,7645.6824
2020-09-17 07:20:00,2.747,2.798,2.681,2.725,5264.7681
2020-09-17 07:25:00,2.725,2.847,2.723,2.79,3262.5153
2020-09-17 07:30:00,2.79,2.79,2.708,2.721,1802.3868
2020-09-17 07:35:00,2.721,2.743,2.657,2.739,19897.432
2020-09-17 07:40:00,2.739,2.81,2.722,2.81,2283.05
2020-09-17 07:45:00,2.81,2.916,2.799,2.874,1388.3952
2020-09-17 07:50:00,2.874,2.977,2.863,2.929,21569.6077
2020-09-17 07:55:00,2.929,2.938,2.88,2.885,27550.0962
2020-09-17 08:00:00,2.885,2.887,2.832,2.858,6356.2635
2020-09-17 08:05:00,2.858,2.927,2.856,2.899,1349.0641
2020-09-17 08:10:00,2.899,2.934,2.889,2.9,2997.9418
2020-09-17 08:15:00,2.9,2.9,2.784,2.793,4266.167
2020-09-17 08:20:00,2.791,2.797,2.736,2.78,8064.7523
2020-09-17 08:25:00,2.78,2.788,2.772,2.788,115.8696
2020-09-17 08:30:00,2.788,2.854,2.778,2.825,5348.9645
2020-09-17 08:35:00,2.825,2.915,2.825,2.872,5727.218
2020-09-17 08:40:00,2.872,2.872,2.788,2.79,1707.0192
2020-09-17 08:45:00,2.79,2.848,2.788,2.827,4274.2226
2020-09-17 08:50:00,2.827,2.844,2.811,2.827,566.5
2020-09-17 08:55:00,2.827,2.93,2.827,2.922,6969.9251
2020-09-17 09:00:00,2.922,3.026,2.922,3.026,7256.4654
2020-09-17 09:05:00,3.026,3.14,3.024,3.102,7496.2732
2020-09-17 09:10:00,3.102,3.19,3.0,3.079,7784.8033
2020-09-17 09:15:00,3.079,3.239,3.079,3.212,2686.2426
2020-09-17 09:20:00,3.212,3.235,3.1,3.201,6049.4736
2020-09-17 09:25:00,3.198,3.209,3.149,3.193,1624.3136
2020-09-17 09:30:00,3.193,3.197,3.04,3.069,5440.5073
2020-09-17 09:35:00,3.069,3.099,3.01,3.03,7880.4878
2020-09-17 09:40:00,3.03,3.038,2.952,2.999,4332.4175
2020-09-17 09:45:00,2.999,3.136,2.996,3.091,1784.4681
2020-09-17 09:50:00,3.091,3.164,3.087,3.147,5303.6025
2020-09-17 09:55:00,3.147,3.147,3.006,3.026,9310.7645
2020-09-17 10:00:00,3.028,3.129,2.924,3.106,23418.1848
2020-09-17 10:05:00,3.106,3.142,3.09,3.125,40971.1246
2020-09-17 10:10:00,3.125,3.207,3.107,3.107,12837.6385
2020-09-17 10:15:00,3.107,3.169,3.107,3.145,2432.2965
2020-09-17 10:20:00,3.145,3.156,3.049,3.05,914.5845
2020-09-17 10:25:00,3.05,3.144,3.034,3.142,5525.7126
2020-09-17 10:30:00,3.142,3.209,3.128,3.176,1776.78
2020-09-17 10:35:00,3.176,3.304,3.153,3.291,4311.5104
2020-09-17 10:40:00,3.291,3.402,3.255,3.366,8169.9695
2020-09-17 10:45:00,3.366,3.46,3.272,3.319,6469.4681
2020-09-17 10:50:00,3.32,3.422,3.299,3.396,1992.8037
2020-09-17 10:55:00,3.396,3.662,3.396,3.599,8228.8536
2020-09-17 11:00:00,3.599,3.729,3.519,3.684,9069.3705
2020-09-17 11:05:00,3.654,3.747,3.554,3.659,12382.9814
2020-09-17 11:10:00,3.659,3.659,3.516,3.54,25598.064
2020-09-17 11:15:00,3.54,3.666,3.533,3.662,1584.0945
2020-09-17 11:20:00,3.662,3.79,3.65,3.706,4544.9868
2020-09-17 11:25:00,3.706,3.894,3.684,3.854,8615.6195
2020-09-17 11:30:00,3.854,3.88,3.762,3.879,4569.2109
2020-09-17 11:35:00,3.879,3.95,3.802,3.828,6386.9146
2020-09-17 11:40:00,3.828,3.897,3.796,3.84,8330.046
2020-09-17 11:45:00,3.84,3.84,3.706,3.796,4377.2822
2020-09-17 11:50:00,3.796,3.804,3.515,3.608,12935.9221
2020-09-17 11:55:00,3.608,3.671,3.57,3.64,3870.7596
2020-09-17 12:00:00,3.643,3.741,3.617,3.741,2643.201
2020-09-17 12:05:00,3.741,3.756,3.552,3.605,12953.6117
2020-09-17 12:10:00,3.605,3.62,3.389,3.389,18652.2395
2020-09-17 12:15:00,3.389,3.51,3.389,3.47,8434.9878
2020-09-17 12:20:00,3.47,3.47,3.353,3.374,6299.5262
2020-09-17 12:25:00,3.374,3.381,3.264,3.277,5434.7338
2020-09-17 12:30:00,3.277,3.469,3.25,3.455,2769.0274
2020-09-17 12:35:00,3.455,3.457,3.368,3.395,4653.5225
2020-09-17 12:40:00,3.395,3.486,3.384,3.466,5600.4348
2020-09-17 12:45:00,3.466,3.584,3.443,3.584,3671.7574
2020-09-17 12:50:00,3.584,3.584,3.5,3.523,67064.7068
2020-09-17 12:55:00,3.523,3.525,3.449,3.493,407.7812
2020-09-17 13:00:00,3.493,3.495,3.405,3.405,4426.1624
2020-09-17 13:05:00,3.405,3.472,3.36,3.408,7216.3957
2020-09-17 13:10:00,3.408,3.416,3.363,3.364,5533.888
2020-09-17 13:15:00,3.363,3.527,3.362,3.505,2839.0988
2020-09-17 13:20:00,3.505,3.573,3.498,3.517,2410.3356
2020-09-17 13:25:00,3.517,3.565,3.452,3.477,10419.6086
2020-09-17 13:30:00,3.477,3.622,3.457,3.622,2210.502
2020-09-17 13:35:00,3.622,3.645,3.56,3.58,2054.8628
2020-09-17 13:40:00,3.58,3.591,3.558,3.56,856.6246
2020-09-17 13:45:00,3.56,3.56,3.461,3.523,2330.8566
2020-09-17 13:50:00,3.523,3.548,3.465,3.543,3032.5638
2020-09-17 13:55:00,3.543,3.543,3.5,3.506,1449.6263
2020-09-17 14:00:00,3.506,3.587,3.498,3.581,3396.8187
2020-09-17 14:05:00,3.581,3.657,3.581,3.657,2419.6816
2020-09-17 14:10:00,3.657,3.743,3.643,3.725,581.7967
2020-09-17 14:15:00,3.725,3.758,3.696,3.696,2702.4946
2020-09-17 14:20:00,3.696,3.712,3.651,3.712,217.1619
2020-09-17 14:25:00,3.712,3.923,3.712,3.838,5539.3967
2020-09-17 14:30:00,3.842,3.868,3.783,3.855,1957.3133
2020-09-17 14:35:00,3.855,3.858,3.811,3.819,4326.7761
2020-09-17 14:40:00,3.819,3.844,3.77,3.795,763.6076
2020-09-17 14:45:00,3.795,3.796,3.69,3.696,5443.5473
2020-09-17 14:50:00,3.696,3.738,3.69,3.718,2359.0306
2020-09-17 14:55:00,3.718,3.757,3.7,3.706,1327.3678
2020-09-17 15:00:00,3.706,3.759,3.658,3.756,19233.5889
2020-09-17 15:05:00,3.756,3.788,3.737,3.742,3172.5756
2020-09-17 15:10:00,3.742,3.742,3.722,3.742,0.0
2020-09-17 15:15:00,3.742,3.742,3.58,3.603,5570.5939
2020-09-17 15:20:00,3.603,3.616,3.529,3.556,3151.0811
2020-09-17 15:25:00,3.556,3.609,3.552,3.582,530.8803
2020-09-17 15:30:00,3.589,3.667,3.588,3.659,2867.9171
2020-09-17 15:35:00,3.659,3.66,3.626,3.637,1472.5956
2020-09-17 15:40:00,3.637,3.667,3.626,3.643,0.0
2020-09-17 15:45:00,3.643,3.748,3.643,3.699,743.2558
2020-09-17 15:50:00,3.699,3.733,3.673,3.701,3359.1919
2020-09-17 15:55:00,3.7,3.712,3.594,3.598,2355.4666
2020-09-17 16:00:00,3.598,3.648,3.598,3.643,3348.9342
2020-09-17 16:05:00,3.643,3.648,3.56,3.57,2670.5581
2020-09-17 16:10:00,3.57,3.601,3.392,3.438,6176.1181
2020-09-17 16:15:00,3.438,3.492,3.421,3.434,4850.3898
2020-09-17 16:20:00,3.434,3.434,3.366,3.378,1082.5866
2020-09-17 16:25:00,3.378,3.384,3.279,3.332,6501.1138
2020-09-17 16:30:00,3.332,3.431,3.324,3.384,2357.3946
2020-09-17 16:35:00,3.384,3.41,3.199,3.2,3820.8293
2020-09-17 16:40:00,3.2,3.266,3.188,3.188,39899.2996
2020-09-17 16:45:00,3.188,3.209,3.143,3.156,17650.8766
2020-09-17 16:50:00,3.156,3.2,3.128,3.2,10591.7538
2020-09-17 16:55:00,3.2,3.2,3.151,3.173,3349.1631
2020-09-17 17:00:00,3.173,3.32,3.169,3.3,7980.4783
2020-09-17 17:05:00,3.3,3.421,3.3,3.397,10349.656
2020-09-17 17:10:00,3.397,3.415,3.342,3.404,1219.7862
2020-09-17 17:15:00,3.404,3.48,3.404,3.464,4803.143
2020-09-17 17:20:00,3.464,3.516,3.45,3.512,2517.809
2020-09-17 17:25:00,3.512,3.638,3.505,3.592,259.9846
2020-09-17 17:30:00,3.593,3.637,3.451,3.5,4034.5047
2020-09-17 17:35:00,3.5,3.544,3.48,3.514,3622.6091
2020-09-17 17:40:00,3.514,3.514,3.401,3.426,7038.191
2020-09-17 17:45:00,3.426,3.469,3.377,3.379,6773.863
2020-09-17 17:50:00,3.379,3.464,3.379,3.457,6129.5381
2020-09-17 17:55:00,3.457,3.513,3.445,3.499,2110.8942
2020-09-17 18:00:00,3.499,3.659,3.483,3.56,7256.7549
2020-09-17 18:05:00,3.56,3.601,3.524,3.564,35010.9537
2020-09-17 18:10:00,3.564,3.603,3.437,3.453,83784.8892
2020-09-17 18:15:00,3.453,3.481,3.453,3.481,200.9646
2020-09-17 18:20:00,3.481,3.512,3.48,3.485,6168.4938
2020-09-17 18:25:00,3.485,3.485,3.397,3.467,5866.7984
2020-09-17 18:30:00,3.467,3.471,3.43,3.461,2704.2143
2020-09-17 18:35:00,3.461,3.49,3.432,3.49,1389.61
2020-09-17 18:40:00,3.49,3.5,3.462,3.5,428.6305
2020-09-17 18:45:00,3.5,3.525,3.5,3.5,1808.7207
2020-09-17 18:50:00,3.5,3.686,3.461,3.473,12905.8091
2020-09-17 18:55:00,3.473,3.491,3.398,3.401,41.0711
2020-09-17 19:00:00,3.401,3.446,3.366,3.381,1534.7334
2020-09-17 19:05:00,3.381,3.406,3.335,3.335,6661.4829
2020-09-17 19:10:00,3.335,3.376,3.275,3.316,25048.7936
2020-09-17 19:15:00,3.317,3.377,3.309,3.361,1010.21
2020-09-17 19:20:00,3.361,3.377,3.332,3.377,168.5
2020-09-17 19:25:00,3.377,3.413,3.37,3.409,2435.6532
2020-09-17 19:30:00,3.409,3.413,3.344,3.363,3487.6799
2020-09-17 19:35:00,3.363,3.369,3.337,3.34,1118.4364
2020-09-17 19:40:00,3.34,3.343,3.271,3.279,2852.2465
2020-09-17 19:45:00,3.279,3.323,3.27,3.315,1588.5068
2020-09-17 19:50:00,3.315,3.327,3.3,3.324,52.6417
2020-09-17 19:55:00,3.324,3.365,3.324,3.358,16.4101
2020-09-17 20:00:00,3.358,3.396,3.349,3.393,354.156
2020-09-17 20:05:00,3.393,3.411,3.368,3.4,3983.3861
2020-09-17 20:10:00,3.4,3.401,3.35,3.35,167.775
2020-09-17 20:15:00,3.35,3.37,3.35,3.37,748.2395
2020-09-17 20:20:00,3.37,3.393,3.296,3.385,2305.1741
2020-09-17 20:25:00,3.385,3.412,3.367,3.4,5115.8431
2020-09-17 20:30:00,3.4,3.46,3.4,3.455,14216.6398
2020-09-17 20:35:00,3.455,3.482,3.444,3.469,1603.9952
2020-09-17 20:40:00,3.469,3.573,3.469,3.537,4605.2368
2020-09-17 20:45:00,3.537,3.691,3.522,3.627,93522.8262
2020-09-17 20:50:00,3.627,3.693,3.542,3.614,18920.6166
2020-09-17 20:55:00,3.614,3.66,3.553,3.631,23678.1325
2020-09-17 21:00:00,3.631,3.661,3.519,3.546,14376.089
2020-09-17 21:05:00,3.546,3.629,3.546,3.593,15613.0577
2020-09-17 21:10:00,3.593,3.739,3.58,3.739,11516.7452
2020-09-17 21:15:00,3.739,3.874,3.733,3.855,2734.9822
2020-09-17 21:20:00,3.855,3.875,3.759,3.811,9431.6301
2020-09-17 21:25:00,3.811,3.835,3.79,3.818,25684.6984
2020-09-17 21:30:00,3.818,3.82,3.751,3.782,7896.8153
2020-09-17 21:35:00,3.782,3.999,3.753,3.997,4397.0994
2020-09-17 21:40:00,3.997,4.184,3.992,4.142,11510.4061
2020-09-17 21:45:00,4.142,4.142,3.957,4.021,17541.3516
2020-09-17 21:50:00,4.021,4.102,3.996,4.058,17553.4943
2020-09-17 21:55:00,4.058,4.142,4.022,4.083,2759.5037
2020-09-17 22:00:00,4.083,4.304,4.083,4.244,9256.165
2020-09-17 22:05:00,4.244,4.317,4.181,4.317,41666.6306
2020-09-17 22:10:00,4.317,4.392,4.172,4.39,69958.9694
2020-09-17 22:15:00,4.39,4.563,4.298,4.507,48206.4974
2020-09-17 22:20:00,4.507,4.559,4.361,4.387,7911.8707
2020-09-17 22:25:00,4.387,4.625,4.26,4.367,26816.9663
2020-09-17 22:30:00,4.367,4.488,4.328,4.478,38435.0818
2020-09-17 22:35:00,4.478,4.766,4.474,4.654,57748.0809
2020-09-17 22:40:00,4.654,4.654,4.449,4.558,15233.9164
2020-09-17 22:45:00,4.558,4.594,4.417,4.45,48314.0723
2020-09-17 22:50:00,4.45,4.58,4.448,4.518,3245.1981
2020-09-17 22:55:00,4.518,4.532,4.351,4.428,8398.5377
2020-09-17 23:00:00,4.428,4.45,4.245,4.287,8042.0975
2020-09-17 23:05:00,4.286,4.364,4.231,4.35,3735.9622
2020-09-17 23:10:00,4.35,4.476,4.35,4.437,1328.1577
2020-09-17 23:15:00,4.437,4.602,4.362,4.526,10833.0885
2020-09-17 23:20:00,4.526,4.53,4.266,4.372,1803.8144
2020-09-17 23:25:00,4.372,4.471,4.228,4.262,10245.9984
2020-09-17 23:30:00,4.262,4.465,4.24,4.45,3535.957
2020-09-17 23:35:00,4.45,4.721,4.45,4.564,10272.5314
2020-09-17 23:40:00,4.564,4.723,4.546,4.7,5741.1342
2020-09-17 23:45:00,4.7,4.71,4.615,4.691,3369.6022
2020-09-17 23:50:00,4.691,4.71,4.501,4.539,2091.6425
2020-09-17 23:55:00,4.539,4.656,4.539,4.656,2167.6725
2020-09-18 00:00:00,4.656,4.656,4.535,4.535,644.7841
2020-09-18 00:05:00,4.535,4.611,4.535,4.611,0.0
2020-09-18 00:10:00,4.611,4.893,4.51,4.834,4552.0744
2020-09-18 00:15:00,4.834,5.0,4.832,4.882,21576.6141
2020-09-18 00:20:00,4.882,4.981,4.775,4.823,5381.0322
2020-09-18 00:25:00,4.823,4.988,4.823,4.986,436.9911
2020-09-18 00:30:00,4.986,5.197,4.986,5.134,27735.1736
2020-09-18 00:35:00,5.134,5.397,5.059,5.336,20410.7547
2020-09-18 00:40:00,5.336,5.391,4.813,5.008,33994.86
2020-09-18 00:45:00,5.008,5.169,4.896,5.1,5411.997
2020-09-18 00:50:00,5.1,5.249,5.006,5.049,21780.5151
2020-09-18 00:55:00,5.049,5.172,5.019,5.154,2940.3674
2020-09-18 01:00:00,5.154,5.3,5.154,5.225,6001.8251
2020-09-18 01:05:00,5.225,5.225,5.024,5.098,12442.1454
2020-09-18 01:10:00,5.098,5.25,5.098,5.25,117037.5478
2020-09-18 01:15:00,5.25,5.25,5.037,5.206,14293.0229
2020-09-18 01:20:00,5.206,5.419,5.206,5.372,29486.7578
2020-09-18 01:25:00,5.372,5.372,5.348,5.372,0.0
2020-09-18 01:30:00,5.372,5.5,5.28,5.439,15478.5593
2020-09-18 01:35:00,5.439,5.813,5.439,5.796,10847.1617
2020-09-18 01:40:00,5.796,5.835,5.673,5.81,2672.9951
2020-09-18 01:45:00,5.81,5.839,5.554,5.73,10765.8805
2020-09-18 01:50:00,5.73,5.939,5.672,5.744,11891.2117
2020-09-18 01:55:00,5.745,5.863,5.674,5.78,7129.8578
2020-09-18 02:00:00,5.78,5.78,5.203,5.486,10018.7104
2020-09-18 02:05:00,5.486,5.565,5.131,5.15,14823.2778
2020-09-18 02:10:00,5.15,5.282,5.105,5.209,13489.1308
2020-09-18 02:15:00,5.209,5.432,5.209,5.372,727.5076
2020-09-18 02:20:00,5.372,5.448,5.268,5.289,3386.0343
2020-09-18 02:25:00,5.289,5.3,4.999,5.144,17285.6857
2020-09-18 02:30:00,5.144,5.231,5.076,5.228,2065.9534
2020-09-18 02:35:00,5.228,5.254,5.19,5.19,238.3323
2020-09-18 02:40:00,5.19,5.19,4.793,4.914,8493.7955
2020-09-18 02:45:00,4.914,4.947,4.695,4.82,25623.94
2020-09-18 02:50:00,4.82,4.941,4.82,4.93,34554.9159
2020-09-18 02:55:00,4.93,5.2,4.877,5.084,34422.6401
2020-09-18 03:00:00,5.084,5.125,4.985,5.1,6339.7391
2020-09-18 03:05:00,5.1,5.1,4.93,4.933,1866.5814
2020-09-18 03:10:00,4.933,5.057,4.842,4.965,4402.5107
2020-09-18 03:15:00,4.965,5.159,4.945,5.095,5539.4935
2020-09-18 03:20:00,5.095,5.15,4.996,5.113,6041.5231
2020-09-18 03:25:00,5.113,5.276,5.113,5.203,5202.5404
2020-09-18 03:30:00,5.203,5.399,5.164,5.36,5146.9262
2020-09-18 03:35:00,5.36,5.389,5.225,5.257,2899.6079
2020-09-18 03:40:00,5.257,5.36,5.218,5.359,3223.2928
2020-09-18 03:45:00,5.36,5.495,5.344,5.344,3390.6918
2020-09-18 03:50:00,5.344,5.385,5.217,5.24,17580.7653
2020-09-18 03:55:00,5.24,5.295,5.16,5.193,3083.0564
2020-09-18 04:00:00,5.194,5.215,5.052,5.116,80948.717
2020-09-18 04:05:00,5.116,5.116,4.98,5.105,18392.8154
2020-09-18 04:10:00,5.105,5.2,5.093,5.177,15219.9297
2020-09-18 04:15:00,5.177,5.2,5.117,5.12,25367.4809
2020-09-18 04:20:00,5.12,5.319,5.12,5.255,21560.3107
2020-09-18 04:25:00,5.255,5.338,5.205,5.212,3336.6649
2020-09-18 04:30:00,5.212,5.32,5.181,5.275,5564.143
2020-09-18 04:35:00,5.275,5.33,5.25,5.308,2866.2806
2020-09-18 04:40:00,5.308,5.313,5.192,5.193,1738.8888
2020-09-18 04:45:00,5.193,5.241,5.122,5.136,1752.853
2020-09-18 04:50:00,5.136,5.209,5.125,5.192,19640.2406
2020-09-18 04:55:00,5.192,5.193,5.142,5.185,3529.8191
2020-09-18 05:00:00,5.185,5.257,5.178,5.216,4131.0981
2020-09-18 05:05:00,5.216,5.3,5.161,5.3,33939.5987
2020-09-18 05:10:00,5.3,5.3,5.19,5.2,8136.5146
2020-09-18 05:15:00,5.2,5.245,5.2,5.226,270.0406
2020-09-18 05:20:00,5.226,5.24,5.05,5.126,3803.257
2020-09-18 05:25:00,5.126,5.143,5.024,5.045,5228.9254
2020-09-18 05:30:00,5.048,5.076,4.961,5.024,5498.2142
2020-09-18 05:35:00,5.024,5.1,5.024,5.1,946.6854
2020-09-18 05:40:00,5.1,5.1,4.978,4.986,3093.9636
2020-09-18 05:45:00,4.986,4.988,4.908,4.95,2229.765
2020-09-18 05:50:00,4.95,4.968,4.849,4.876,2982.8604
2020-09-18 05:55:00,4.876,5.053,4.734,4.821,20410.178
2020-09-18 06:00:00,4.821,4.923,4.821,4.902,6739.5666
2020-09-18 06:05:00,4.902,4.96,4.902,4.942,8232.6353
2020-09-18 06:10:00,4.942,4.942,4.871,4.914,1195.8313
2020-09-18 06:15:00,4.914,4.914,4.848,4.913,6218.9778
2020-09-18 06:20:00,4.913,5.005,4.889,5.005,49.7635
2020-09-18 06:25:00,5.005,5.049,4.976,5.012,218.3322
2020-09-18 06:30:00,5.012,5.012,4.942,4.989,10389.9084
2020-09-18 06:35:00,4.989,5.051,4.97,5.034,3683.7867
2020-09-18 06:40:00,5.034,5.128,4.984,5.108,2366.4718
2020-09-18 06:45:00,5.108,5.181,5.086,5.16,867.1323
2020-09-18 06:50:00,5.16,5.181,5.12,5.12,9089.6106
2020-09-18 06:55:00,5.12,5.18,5.079,5.151,18452.6527
2020-09-18 07:00:00,5.151,5.419,5.133,5.257,55805.5304
2020-09-18 07:05:00,5.257,5.258,5.203,5.225,494.7773
2020-09-18 07:10:00,5.225,5.365,5.225,5.341,1365.2617
2020-09-18 07:15:00,5.341,5.374,5.238,5.262,1514.5415
2020-09-18 07:20:00,5.262,5.279,5.171,5.197,1136.7335
2020-09-18 07:25:00,5.197,5.3,5.171,5.3,632.5748
2020-09-18 07:30:00,5.3,5.456,5.296,5.454,6515.8991
2020-09-18 07:35:00,5.454,5.539,5.402,5.523,31112.4185
2020-09-18 07:40:00,5.523,5.699,5.503,5.666,9528.8941
2020-09-18 07:45:00,5.666,5.67,5.462,5.52,2144.8227
2020-09-18 07:50:00,5.52,5.52,5.388,5.459,5223.8545
2020-09-18 07:55:00,5.459,5.492,5.375,5.492,3720.7492
2020-09-18 08:00:00,5.492,5.559,5.427,5.552,7748.3902
2020-09-18 08:05:00,5.552,5.604,5.425,5.439,4559.3128
2020-09-18 08:10:00,5.439,5.465,5.359,5.449,1091.1095
2020-09-18 08:15:00,5.449,5.54,5.359,5.421,4237.5371
2020-09-18 08:20:00,5.421,5.547,5.416,5.416,2090.2795
2020-09-18 08:25:00,5.416,5.416,5.139,5.355,18021.4603
2020-09-18 08:30:00,5.355,5.418,5.05,5.349,11150.5881
2020-09-18 08:35:00,5.349,5.544,5.349,5.542,12120.9412
2020-09-18 08:40:00,5.542,5.596,5.429,5.518,14134.5629
2020-09-18 08:45:00,5.518,5.798,5.509,5.724,10512.0694
2020-09-18 08:50:00,5.724,5.85,5.691,5.85,5708.7206
2020-09-18 08:55:00,5.85,5.989,5.789,5.866,9168.2874
2020-09-18 09:00:00,5.866,5.938,5.715,5.895,7703.6307
2020-09-18 09:05:00,5.895,6.22,5.895,6.12,15946.3659
2020-09-18 09:10:00,6.12,6.322,6.12,6.237,4172.5428
2020-09-18 09:15:00,6.236,6.332,6.174,6.216,12333.31
2020-09-18 09:20:00,6.216,6.65,6.216,6.647,52972.0764
2020-09-18 09:25:00,6.647,6.817,6.233,6.336,98536.6419
2020-09-18 09:30:00,6.336,6.394,6.0,6.182,16432.668
2020-09-18 09:35:00,6.182,6.224,6.141,6.175,6565.1954
2020-09-18 09:40:00,6.175,6.175,6.03,6.149,66926.0152
2020-09-18 09:45:00,6.149,6.4,6.149,6.348,6770.6131
2020-09-18 09:50:00,6.348,6.435,6.321,6.367,9794.8525
2020-09-18 09:55:00,6.367,6.38,6.184,6.379,5245.2667
2020-09-18 10:00:00,6.379,6.552,6.323,6.356,29895.3966
2020-09-18 10:05:00,6.356,6.563,6.355,6.526,12116.7611
2020-09-18 10:10:00,6.526,6.536,6.386,6.457,12031.7668
2020-09-18 10:15:00,6.457,6.457,6.253,6.376,3943.197
2020-09-18 10:20:00,6.376,6.376,6.185,6.257,5142.5848
2020-09-18 10:25:00,6.257,6.348,6.18,6.3,8104.1328
2020-09-18 10:30:00,6.3,6.499,6.3,6.366,4751.6561
2020-09-18 10:35:00,6.366,6.511,6.366,6.486,4801.0134
2020-09-18 10:40:00,6.486,6.49,6.389,6.4,7832.9134
2020-09-18 10:45:00,6.4,6.739,6.4,6.739,19695.8046
2020-09-18 10:50:00,6.739,6.996,6.642,6.813,22353.1902
2020-09-18 10:55:00,6.813,7.099,6.751,7.054,23493.7594
2020-09-18 11:00:00,7.054,7.13,6.873,6.906,20146.6175
2020-09-18 11:05:00,6.906,7.052,6.8,6.867,7849.5544
2020-09-18 11:10:00,6.867,7.02,6.842,6.919,9184.6821
2020-09-18 11:15:00,6.919,7.137,6.901,7.119,10309.478
2020-09-18 11:20:00,7.119,7.363,7.119,7.235,23890.2418
2020-09-18 11:25:00,7.235,7.464,7.199,7.301,4848.8941
2020-09-18 11:30:00,7.301,7.358,7.06,7.165,11038.7278
2020-09-18 11:35:00,7.165,7.43,7.162,7.385,16881.6987
2020-09-18 11:40:00,7.385,7.589,7.37,7.492,29672.2345
2020-09-18 11:45:00,7.492,7.885,7.492,7.881,31060.5228
2020-09-18 11:50:00,7.88,7.979,7.503,7.899,10580.6005
2020-09-18 11:55:00,7.899,8.22,7.508,7.741,43267.9234
2020-09-18 12:00:00,7.741,8.276,7.609,8.223,64010.0907
2020-09-18 12:05:00,8.223,8.634,8.067,8.283,29449.5443
2020-09-18 12:10:00,8.283,8.635,8.277,8.386,26367.5442
2020-09-18 12:15:00,8.386,8.472,6.88,7.46,110392.3243
2020-09-18 12:20:00,7.46,7.531,6.615,7.186,64051.8103
2020-09-18 12:25:00,7.186,7.233,6.971,7.176,7379.5291
2020-09-18 12:30:00,7.176,7.595,7.176,7.295,44725.3142
2020-09-18 12:35:00,7.295,7.418,6.85,7.002,31487.1464
2020-09-18 12:40:00,7.002,7.158,6.834,6.834,43892.2833
2020-09-18 12:45:00,6.834,7.02,6.834,6.866,13560.574
2020-09-18 12:50:00,6.866,6.883,6.475,6.579,26213.862
2020-09-18 12:55:00,6.579,7.103,6.573,6.702,69370.5959
2020-09-18 13:00:00,6.702,7.081,6.702,6.975,39122.5489
2020-09-18 13:05:00,6.976,6.976,6.84,6.951,20943.0036
2020-09-18 13:10:00,6.951,7.064,6.949,6.974,7862.3157
2020-09-18 13:15:00,6.974,7.005,6.814,6.859,57143.6112
2020-09-18 13:20:00,6.859,6.859,6.684,6.704,11354.9951
2020-09-18 13:25:00,6.704,6.879,6.662,6.814,11733.4684
2020-09-18 13:30:00,6.814,6.933,6.814,6.891,4040.2928
2020-09-18 13:35:00,6.891,6.9,6.724,6.805,915.1325
2020-09-18 13:40:00,6.805,6.822,6.6,6.642,3759.7921
2020-09-18 13:45:00,6.642,6.642,6.505,6.623,5113.2187
2020-09-18 13:50:00,6.623,6.625,6.272,6.283,25645.3252
2020-09-18 13:55:00,6.283,6.403,6.247,6.392,18497.0491
2020-09-18 14:00:00,6.392,6.5,6.276,6.277,4276.1877
2020-09-18 14:05:00,6.277,6.277,6.005,6.1,5202.8445
2020-09-18 14:10:00,6.1,6.208,6.069,6.17,5662.5889
2020-09-18 14:15:00,6.17,6.387,6.17,6.298,9543.8072
2020-09-18 14:20:00,6.313,6.492,6.24,6.445,6908.0125
2020-09-18 14:25:00,6.445,6.592,6.349,6.556,3561.9324
2020-09-18 14:30:00,6.556,6.778,6.512,6.735,78740.9884
2020-09-18 14:35:00,6.735,6.831,6.612,6.831,7083.1484
2020-09-18 14:40:00,6.831,6.997,6.816,6.876,6708.6776
2020-09-18 14:45:00,6.876,6.96,6.763,6.763,12934.9651
2020-09-18 14:50:00,6.763,6.813,6.621,6.682,2992.0913
2020-09-18 14:55:00,6.682,6.899,6.682,6.821,1171.95
2020-09-18 15:00:00,6.821,6.821,6.683,6.719,0.0
2020-09-18 15:05:00,6.719,6.75,6.589,6.646,2285.8032
2020-09-18 15:10:00,6.646,6.77,6.603,6.753,2093.5454
2020-09-18 15:15:00,6.731,6.914,6.731,6.76,7345.8905
2020-09-18 15:20:00,6.76,6.849,6.76,6.831,7189.4184
2020-09-18 15:25:00,6.831,7.139,6.831,7.139,13992.3432
2020-09-18 15:30:00,7.139,7.245,7.101,7.193,12289.9178
2020-09-18 15:35:00,7.193,7.345,7.067,7.345,16253.2022
2020-09-18 15:40:00,7.345,7.463,7.288,7.451,62974.8166
2020-09-18 15:45:00,7.451,7.453,7.291,7.338,4684.2732
2020-09-18 15:50:00,7.338,7.34,7.111,7.204,9573.2883
2020-09-18 15:55:00,7.204,7.36,7.195,7.345,1002.8758
2020-09-18 16:00:00,7.345,7.364,7.139,7.204,10751.2604
2020-09-18 16:05:00,7.204,7.264,7.046,7.236,1916.8486
2020-09-18 16:10:00,7.236,7.282,7.148,7.202,8379.358
2020-09-18 16:15:00,7.202,7.375,7.202,7.365,7500.541
2020-09-18 16:20:00,7.365,7.4,7.291,7.393,4645.0932
2020-09-18 16:25:00,7.393,7.463,7.291,7.291,13062.9239
2020-09-18 16:30:00,7.291,7.326,7.25,7.316,1715.479
2020-09-18 16:35:00,7.316,7.436,7.316,7.432,6654.317
2020-09-18 16:40:00,7.432,7.7,7.411,7.644,30740.8989
2020-09-18 16:45:00,7.644,7.666,7.546,7.548,870.0915
2020-09-18 16:50:00,7.548,7.625,7.477,7.617,1669.8531
2020-09-18 16:55:00,7.617,7.752,7.617,7.752,5467.5774
2020-09-18 17:00:00,7.752,7.752,7.175,7.378,72082.8014
2020-09-18 17:05:00,7.378,7.388,7.041,7.14,27793.5
2020-09-18 17:10:00,7.14,7.163,6.808,6.971,11285.1353
2020-09-18 17:15:00,6.971,7.148,6.911,7.121,15680.7585
2020-09-18 17:20:00,7.121,7.121,6.876,6.881,12334.3283
2020-09-18 17:25:00,6.882,6.963,6.654,6.765,9478.6299
2020-09-18 17:30:00,6.765,6.925,6.761,6.843,12592.1378
2020-09-18 17:35:00,6.843,7.102,6.835,7.102,20959.9751
2020-09-18 17:40:00,7.102,7.102,6.972,7.018,41614.617
2020-09-18 17:45:00,7.018,7.15,7.016,7.092,17692.7385
2020-09-18 17:50:00,7.092,7.131,6.97,7.001,379.7724
2020-09-18 17:55:00,7.001,7.017,6.327,6.941,51870.5938
2020-09-18 18:00:00,6.941,7.105,6.94,7.102,5151.5908
2020-09-18 18:05:00,7.102,7.299,7.102,7.256,314.6048
2020-09-18 18:10:00,7.256,7.591,7.256,7.338,35438.387
2020-09-18 18:15:00,7.338,7.341,7.22,7.302,2878.4906
2020-09-18 18:20:00,7.302,7.302,7.243,7.3,1034.4798
2020-09-18 18:25:00,7.3,7.5,7.264,7.436,4871.6412
2020-09-18 18:30:00,7.436,7.477,7.265,7.265,2300.2741
2020-09-18 18:35:00,7.265,7.388,7.252,7.298,231.74
2020-09-18 18:40:00,7.298,7.298,7.053,7.159,18006.1903
2020-09-18 18:45:00,7.159,7.159,6.968,7.037,5816.8809
2020-09-18 18:50:00,7.037,7.161,6.996,7.001,334.6152
2020-09-18 18:55:00,7.001,7.162,7.0,7.127,2130.8222
2020-09-18 19:00:00,7.126,7.213,7.084,7.213,48.9634
2020-09-18 19:05:00,7.213,7.307,7.203,7.241,1579.1008
2020-09-18 19:10:00,7.239,7.263,7.078,7.096,1096.1604
2020-09-18 19:15:00,7.096,7.096,7.0,7.046,192.6314
2020-09-18 19:20:00,7.046,7.046,6.821,6.886,2258.3065
2020-09-18 19:25:00,6.886,6.999,6.877,6.996,47.9109
2020-09-18 19:30:00,6.996,6.996,6.747,6.75,2079.069
2020-09-18 19:35:00,6.75,6.84,6.508,6.578,9287.9646
2020-09-18 19:40:00,6.58,6.713,6.539,6.632,927.4651
2020-09-18 19:45:00,6.632,6.681,6.494,6.582,19231.7584
2020-09-18 19:50:00,6.581,6.591,6.346,6.468,4844.7458
2020-09-18 19:55:00,6.468,6.584,6.428,6.577,124.9938
2020-09-18 20:00:00,6.577,6.725,6.573,6.673,10634.6089
2020-09-18 20:05:00,6.673,6.774,6.607,6.607,3976.5336
2020-09-18 20:10:00,6.607,6.69,6.551,6.685,2246.4704
2020-09-18 20:15:00,6.685,6.795,6.685,6.748,766.0785
2020-09-18 20:20:00,6.748,6.762,6.697,6.755,589.6426
2020-09-18 20:25:00,6.755,6.755,6.632,6.694,1453.8695
2020-09-18 20:30:00,6.694,6.694,6.544,6.551,1088.0298
2020-09-18 20:35:00,6.551,6.624,6.532,6.603,177.074
2020-09-18 20:40:00,6.603,6.661,6.588,6.591,39.669
2020-09-18 20:45:00,6.591,6.591,6.469,6.476,367.5299
2020-09-18 20:50:00,6.476,6.476,6.255,6.346,33874.6557
2020-09-18 20:55:00,6.346,6.386,6.266,6.386,5963.7479
2020-09-18 21:00:00,6.386,6.511,6.386,6.505,2018.2008
2020-09-18 21:05:00,6.505,6.583,6.457,6.463,1772.4304
2020-09-18 21:10:00,6.463,6.558,6.459,6.558,689.183
2020-09-18 21:15:00,6.558,6.569,6.48,6.483,41.1648
2020-09-18 21:20:00,6.483,6.503,6.387,6.4,1291.8462
2020-09-18 21:25:00,6.4,6.441,6.325,6.43,3263.0382
2020-09-18 21:30:00,6.43,6.438,6.342,6.346,571.7524
2020-09-18 21:35:00,6.346,6.623,6.202,6.223,20819.2517
2020-09-18 21:40:00,6.223,6.314,6.183,6.223,467.3502
2020-09-18 21:45:00,6.223,6.346,6.223,6.306,2323.9826
2020-09-18 21:50:00,6.306,6.306,6.142,6.142,3634.2747
2020-09-18 21:55:00,6.142,6.192,6.142,6.183,30.915
2020-09-18 22:00:00,6.183,6.306,6.183,6.306,697.7098
2020-09-18 22:05:00,6.306,6.387,6.264,6.265,1314.6647
2020-09-18 22:10:00,6.265,6.39,6.246,6.39,2283.2738
2020-09-18 22:15:00,6.39,6.579,6.387,6.569,16275.199
2020-09-18 22:20:00,6.569,6.631,6.543,6.598,388.754
2020-09-18 22:25:00,6.598,6.651,6.576,6.591,119.4416
2020-09-18 22:30:00,6.591,6.723,6.591,6.72,2089.3405
2020-09-18 22:35:00,6.72,6.764,6.677,6.686,1179.63
2020-09-18 22:40:00,6.686,6.686,6.581,6.591,827.2592
2020-09-18 22:45:00,6.591,6.635,6.51,6.521,2949.027
2020-09-18 22:50:00,6.521,6.6,6.521,6.58,11608.399
2020-09-18 22:55:00,6.58,6.688,6.568,6.657,217.0022
2020-09-18 23:00:00,6.657,6.698,6.6,6.698,10088.8464
2020-09-18 23:05:00,6.698,6.769,6.644,6.644,1161.8959
2020-09-18 23:10:00,6.644,6.686,6.571,6.571,101.3126
2020-09-18 23:15:00,6.571,6.736,6.571,6.73,3530.25
2020-09-18 23:20:00,6.73,6.73,6.668,6.712,49.5378
2020-09-18 23:25:00,6.712,6.875,6.672,6.84,1899.3334
2020-09-18 23:30:00,6.84,7.017,6.804,6.983,2526.8772
2020-09-18 23:35:00,6.983,7.088,6.928,7.053,672.2566
2020-09-18 23:40:00,7.052,7.088,6.982,7.0,2267.5171
2020-09-18 23:45:00,7.0,7.004,6.911,6.946,254.0701
2020-09-18 23:50:00,6.946,6.948,6.733,6.786,410.9444
2020-09-18 23:55:00,6.786,6.828,6.751,6.823,708.5252
2020-09-19 00:00:00,6.823,6.848,6.662,6.662,275.7357
2020-09-19 00:05:00,6.662,6.673,6.609,6.662,1814.3193
2020-09-19 00:10:00,6.662,6.713,6.63,6.705,726.6108
2020-09-19 00:15:00,6.705,6.715,6.52,6.55,3535.0092
2020-09-19 00:20:00,6.55,6.573,6.488,6.556,54445.5886
2020-09-19 00:25:00,6.556,6.573,6.417,6.474,4004.7299
2020-09-19 00:30:00,6.474,6.485,6.383,6.472,5630.1907
2020-09-19 00:35:00,6.472,6.515,6.428,6.449,4484.7522
2020-09-19 00:40:00,6.449,6.54,6.378,6.518,779.8459
2020-09-19 00:45:00,6.518,6.528,6.449,6.449,528.6591
2020-09-19 00:50:00,6.449,6.638,6.449,6.567,2808.9454
2020-09-19 00:55:00,6.567,6.635,6.561,6.562,692.0294
2020-09-19 01:00:00,6.562,6.609,6.502,6.538,1475.6703
2020-09-19 01:05:00,6.538,6.538,6.447,6.513,111.5539
2020-09-19 01:10:00,6.513,6.608,6.512,6.573,3934.2704
2020-09-19 01:15:00,6.573,6.635,6.515,6.605,1551.3893
2020-09-19 01:20:00,6.605,6.619,6.52,6.52,59.7471
2020-09-19 01:25:00,6.52,6.531,6.434,6.511,1801.1829
2020-09-19 01:30:00,6.511,6.537,6.46,6.46,34.3265
2020-09-19 01:35:00,6.46,6.46,6.396,6.406,72.5988
2020-09-19 01:40:00,6.406,6.46,6.387,6.424,15920.2816
2020-09-19 01:45:00,6.424,6.485,6.395,6.466,8593.1023
2020-09-19 01:50:00,6.466,6.485,6.41,6.41,27.0152
2020-09-19 01:55:00,6.41,6.41,6.263,6.325,22147.981
2020-09-19 02:00:00,6.325,6.415,6.307,6.307,4432.3716
2020-09-19 02:05:00,6.307,6.368,6.303,6.33,1492.5974
2020-09-19 02:10:00,6.33,6.355,6.281,6.283,679.7724
2020-09-19 02:15:00,6.283,6.325,6.272,6.298,1904.6882
2020-09-19 02:20:00,6.298,6.387,6.298,6.387,54.0497
2020-09-19 02:25:00,6.387,6.455,6.36,6.439,78.9878
2020-09-19 02:30:00,6.439,6.514,6.414,6.427,2710.3813
2020-09-19 02:35:00,6.427,6.547,6.427,6.536,741.9962
2020-09-19 02:40:00,6.536,6.6,6.536,6.595,4046.6043
2020-09-19 02:45:00,6.595,6.6,6.487,6.487,10446.4756
2020-09-19 02:50:00,6.487,6.52,6.477,6.485,5493.9724
2020-09-19 02:55:00,6.485,6.58,6.485,6.559,15787.3462
2020-09-19 03:00:00,6.559,6.673,6.556,6.609,6327.5994
2020-09-19 03:05:00,6.609,6.624,6.551,6.572,6642.681
2020-09-19 03:10:00,6.572,6.631,6.552,6.63,535.799
2020-09-19 03:15:00,6.63,6.632,6.572,6.573,2095.106
2020-09-19 03:20:00,6.573,6.655,6.573,6.651,7555.9194
2020-09-19 03:25:00,6.651,6.769,6.643,6.703,176648.919
2020-09-19 03:30:00,6.703,6.843,6.7,6.841,6585.8532
2020-09-19 03:35:00,6.841,6.9,6.786,6.9,2116.7114
2020-09-19 03:40:00,6.9,6.955,6.821,6.821,75505.5351
2020-09-19 03:45:00,6.821,6.821,6.706,6.769,11228.092
2020-09-19 03:50:00,6.769,6.778,6.655,6.751,8358.7905
2020-09-19 03:55:00,6.751,6.79,6.751,6.785,4.068
2020-09-19 04:00:00,6.785,6.785,6.622,6.635,1533.2363
2020-09-19 04:05:00,6.635,6.643,6.591,6.609,2090.1818
2020-09-19 04:10:00,6.609,6.652,6.573,6.627,597.8488
2020-09-19 04:15:00,6.627,6.641,6.52,6.535,1310.2334
2020-09-19 04:20:00,6.535,6.573,6.526,6.534,328.3576
2020-09-19 04:25:00,6.533,6.556,6.477,6.543,429.8448
2020-09-19 04:30:00,6.543,6.627,6.538,6.594,1270.9051
2020-09-19 04:35:00,6.594,6.598,6.52,6.52,1357.4918
2020-09-19 04:40:00,6.533,6.573,6.467,6.573,3805.9905
2020-09-19 04:45:00,6.573,6.691,6.573,6.677,1677.0077
2020-09-19 04:50:00,6.677,6.755,6.673,6.755,121.6286
2020-09-19 04:55:00,6.755,6.755,6.662,6.662,11222.411
2020-09-19 05:00:00,6.662,6.715,6.644,6.687,79.6252
2020-09-19 05:05:00,6.687,6.87,6.673,6.84,28207.6668
2020-09-19 05:10:00,6.84,6.928,6.81,6.913,29681.4379
2020-09-19 05:15:00,6.913,7.254,6.913,7.131,32832.1682
2020-09-19 05:20:00,7.131,7.337,7.131,7.23,24089.2471
2020-09-19 05:25:00,7.23,7.37,7.207,7.216,67852.4176
2020-09-19 05:30:00,7.216,7.348,7.131,7.159,12023.5819
2020-09-19 05:35:00,7.159,7.189,7.057,7.122,6472.6047
2020-09-19 05:40:00,7.122,7.273,7.122,7.273,3274.2048
2020-09-19 05:45:00,7.273,7.346,7.215,7.273,16325.5364
2020-09-19 05:50:00,7.273,7.31,7.168,7.23,9229.2354
2020-09-19 05:55:00,7.23,7.279,7.202,7.266,2136.424
2020-09-19 06:00:00,7.266,7.285,6.952,7.015,10543.8707
2020-09-19 06:05:00,7.016,7.067,6.857,6.959,11114.425
2020-09-19 06:10:00,6.959,7.032,6.928,6.964,2826.6532
2020-09-19 06:15:00,6.964,7.109,6.964,7.04,4052.6449
2020-09-19 06:20:00,7.04,7.155,7.017,7.15,5775.9778
2020-09-19 06:25:00,7.15,7.158,7.053,7.071,311.4
2020-09-19 06:30:00,7.071,7.213,7.071,7.213,967.2972
2020-09-19 06:35:00,7.213,7.222,7.159,7.159,179.1142
2020-09-19 06:40:00,7.159,7.171,7.081,7.108,2611.2342
2020-09-19 06:45:00,7.108,7.209,7.067,7.159,1734.8081
2020-09-19 06:50:00,7.159,7.203,7.122,7.203,612.5122
2020-09-19 06:55:00,7.203,7.203,7.159,7.159,308.197
2020-09-19 07:00:00,7.159,7.285,7.159,7.219,21801.0734
2020-09-19 07:05:00,7.219,7.408,7.219,7.402,22473.5748
2020-09-19 07:10:00,7.402,7.496,7.367,7.37,13686.7424
2020-09-19 07:15:00,7.37,7.43,7.255,7.3,9245.1842
2020-09-19 07:20:00,7.3,7.358,7.284,7.337,1188.8525
2020-09-19 07:25:00,7.337,7.39,7.326,7.326,1106.983
2020-09-19 07:30:00,7.326,7.372,7.286,7.372,137.3088
2020-09-19 07:35:00,7.372,7.437,7.34,7.39,5071.6902
2020-09-19 07:40:00,7.39,7.39,7.199,7.204,278.2472
2020-09-19 07:45:00,7.204,7.238,7.148,7.208,4786.06
2020-09-19 07:50:00,7.195,7.269,7.195,7.205,446.1082
2020-09-19 07:55:00,7.21,7.271,7.177,7.218,7121.4447
2020-09-19 08:00:00,7.218,7.219,7.046,7.1,8010.3365
2020-09-19 08:05:00,7.1,7.193,7.04,7.122,3555.4075
2020-09-19 08:10:00,7.122,7.13,7.035,7.035,84.9732
2020-09-19 08:15:00,7.035,7.047,6.946,7.031,5577.5194
2020-09-19 08:20:00,7.031,7.138,7.031,7.106,385.3032
2020-09-19 08:25:00,7.106,7.108,7.016,7.016,550.036
2020-09-19 08:30:00,7.016,7.102,7.016,7.071,960.5944
2020-09-19 08:35:00,7.071,7.158,7.032,7.135,262.5532
2020-09-19 08:40:00,7.135,7.147,7.104,7.109,62.5242
2020-09-19 08:45:00,7.109,7.112,7.014,7.084,383.4604
2020-09-19 08:50:00,7.084,7.097,6.964,7.0,398.0196
2020-09-19 08:55:00,7.0,7.005,6.718,6.818,10609.6538
2020-09-19 09:00:00,6.818,6.892,6.663,6.733,18544.6029
2020-09-19 09:05:00,6.733,6.769,6.623,6.627,740.4485
2020-09-19 09:10:00,6.627,6.787,6.609,6.769,8936.5141
2020-09-19 09:15:00,6.769,6.774,6.723,6.774,145.7144
2020-09-19 09:20:00,6.774,6.856,6.769,6.856,974.4605
2020-09-19 09:25:00,6.85,6.856,6.786,6.822,3024.6679
2020-09-19 09:30:00,6.822,6.822,6.733,6.733,184.2499
2020-09-19 09:35:00,6.733,6.745,6.672,6.733,4650.8927
2020-09-19 09:40:00,6.733,6.785,6.733,6.779,2057.4577
2020-09-19 09:45:00,6.779,6.85,6.747,6.751,3395.2245
2020-09-19 09:50:00,6.751,6.804,6.733,6.747,4244.1098
2020-09-19 09:55:00,6.747,6.747,6.645,6.715,57874.4112
2020-09-19 10:00:00,6.715,6.715,6.561,6.587,13293.0607
2020-09-19 10:05:00,6.587,6.671,6.587,6.662,9423.4353
2020-09-19 10:10:00,6.662,6.72,6.644,6.692,3781.1878
2020-09-19 10:15:00,6.692,6.859,6.692,6.786,1247.187
2020-09-19 10:20:00,6.786,6.955,6.786,6.856,16152.5572
2020-09-19 10:25:00,6.856,6.884,6.802,6.804,34.8421
2020-09-19 10:30:00,6.804,6.85,6.764,6.804,19.0292
2020-09-19 10:35:00,6.804,6.804,6.7,6.7,4361.9576
2020-09-19 10:40:00,6.7,6.743,6.68,6.711,878.7626
2020-09-19 10:45:00,6.711,6.737,6.632,6.662,4717.2569
2020-09-19 10:50:00,6.662,6.662,6.555,6.555,21073.2983
2020-09-19 10:55:00,6.555,6.584,6.397,6.397,9525.578
2020-09-19 11:00:00,6.397,6.528,6.388,6.502,19800.138
2020-09-19 11:05:00,6.502,6.622,6.502,6.584,728.1475
2020-09-19 11:10:00,6.584,6.593,6.46,6.502,2302.5549
2020-09-19 11:15:00,6.502,6.508,6.411,6.443,6818.2574
2020-09-19 11:20:00,6.443,6.447,6.308,6.308,6509.3099
2020-09-19 11:25:00,6.308,6.37,6.264,6.325,6917.3105
2020-09-19 11:30:00,6.325,6.334,6.264,6.319,6080.6348
2020-09-19 11:35:00,6.319,6.421,6.319,6.381,7491.3363
2020-09-19 11:40:00,6.381,6.445,6.349,6.349,7189.0031
2020-09-19 11:45:00,6.349,6.349,6.258,6.283,3293.3592
2020-09-19 11:50:00,6.283,6.297,6.201,6.246,24537.7615
2020-09-19 11:55:00,6.246,6.246,6.052,6.103,24447.4109
2020-09-19 12:00:00,6.103,6.15,5.754,5.788,50734.8424
2020-09-19 12:05:00,5.788,5.815,5.588,5.786,11655.9298
2020-09-19 12:10:00,5.786,5.85,5.702,5.824,18216.2956
2020-09-19 12:15:00,5.824,5.878,5.683,5.733,13257.0357
2020-09-19 12:20:00,5.733,5.884,5.733,5.807,3222.9026
2020-09-19 12:25:00,5.807,5.928,5.789,5.928,910.9492
2020-09-19 12:30:00,5.928,5.973,5.828,5.954,24877.1958
2020-09-19 12:35:00,5.954,6.048,5.932,6.031,19019.6922
2020-09-19 12:40:00,6.031,6.074,5.959,6.074,2204.6913
2020-09-19 12:45:00,6.074,6.081,5.998,6.035,16399.3259
2020-09-19 12:50:00,6.035,6.035,6.005,6.005,1751.5846
2020-09-19 12:55:00,6.005,6.15,6.005,6.113,138.5617
2020-09-19 13:00:00,6.113,6.272,6.113,6.203,19339.725
2020-09-19 13:05:00,6.203,6.222,6.149,6.168,2774.9803
2020-09-19 13:10:00,6.168,6.169,6.056,6.095,1558.9291
2020-09-19 13:15:00,6.093,6.125,6.002,6.005,1695.136
2020-09-19 13:20:00,6.005,6.031,5.865,5.905,15799.608
2020-09-19 13:25:00,5.905,6.106,5.905,6.082,30514.3168
2020-09-19 13:30:00,6.082,6.165,6.039,6.052,43072.0785
2020-09-19 13:35:00,6.049,6.052,5.998,6.035,1796.5626
2020-09-19 13:40:00,6.035,6.114,5.95,5.969,368.729
2020-09-19 13:45:00,5.969,6.005,5.874,5.877,1087.4164
2020-09-19 13:50:00,5.877,5.93,5.871,5.905,41.389
2020-09-19 13:55:00,5.905,5.905,5.842,5.874,3212.1269
2020-09-19 14:00:00,5.874,5.961,5.805,5.854,6743.1788
2020-09-19 14:05:00,5.854,5.939,5.854,5.937,1063.9105
2020-09-19 14:10:00,5.937,6.039,5.937,6.01,3845.3638
2020-09-19 14:15:00,6.01,6.067,5.958,5.991,3762.0748
2020-09-19 14:20:00,5.991,6.035,5.953,5.981,1636.834
2020-09-19 14:25:00,5.981,6.036,5.947,6.028,1827.8706
2020-09-19 14:30:00,6.028,6.077,6.028,6.031,859.9885
2020-09-19 14:35:00,6.031,6.129,6.031,6.126,2049.6403
2020-09-19 14:40:00,6.126,6.162,6.082,6.121,132.4194
2020-09-19 14:45:00,6.121,6.132,6.059,6.092,286.4976
2020-09-19 14:50:00,6.092,6.103,6.068,6.089,0.0
2020-09-19 14:55:00,6.09,6.098,6.003,6.019,664.2446
2020-09-19 15:00:00,6.019,6.019,5.877,5.891,733.0669
2020-09-19 15:05:00,5.891,5.93,5.854,5.93,4460.0472
2020-09-19 15:10:00,5.93,5.944,5.885,5.901,224.5552
2020-09-19 15:15:00,5.907,5.927,5.633,5.779,14884.0285
2020-09-19 15:20:00,5.779,5.879,5.728,5.829,2349.9921
2020-09-19 15:25:00,5.829,5.831,5.75,5.759,4614.7133
2020-09-19 15:30:00,5.759,5.821,5.714,5.722,1330.5467
2020-09-19 15:35:00,5.721,5.74,5.631,5.704,830.0795
2020-09-19 15:40:00,5.704,5.709,5.559,5.601,7013.2375
2020-09-19 15:45:00,5.601,5.661,5.49,5.626,10512.8536
2020-09-19 15:50:00,5.626,5.77,5.626,5.767,8266.9155
2020-09-19 15:55:00,5.767,5.77,5.651,5.684,619.5082
2020-09-19 16:00:00,5.684,5.709,5.575,5.626,3261.4306
2020-09-19 16:05:00,5.626,5.651,5.376,5.387,4762.9533
2020-09-19 16:10:00,5.387,5.43,5.265,5.419,19629.1235
2020-09-19 16:15:00,5.419,5.494,5.405,5.441,1096.5843
2020-09-19 16:20:00,5.441,5.55,5.366,5.528,8047.5282
2020-09-19 16:25:00,5.528,5.532,5.334,5.391,6562.6719
2020-09-19 16:30:00,5.391,5.424,5.265,5.41,5277.2306
2020-09-19 16:35:00,5.41,5.487,5.408,5.475,489.604
2020-09-19 16:40:00,5.475,5.542,5.454,5.481,2715.6233
2020-09-19 16:45:00,5.481,5.651,5.462,5.601,1138.575
2020-09-19 16:50:00,5.601,5.686,5.601,5.639,1611.0016
2020-09-19 16:55:00,5.639,5.696,5.601,5.601,1441.0955
2020-09-19 17:00:00,5.601,5.646,5.601,5.626,2575.9656
